{
  "Group_B": {
    "IF": 0.04670568987002125,
    "IRA": 0.03141078066198367,
    "RS": 1.0
  },
  "Group_C": {
    "IF": 0.06597407314897949,
    "IRA": 0.031787930612122955,
    "RS": 1.0
  }
}