group,n_models,R_H_mean,R_R_mean,rationality_pass_mean,H_norm_k5_mean,EHE_k5_mean,H_norm_k4_mean,EHE_k4_mean,intervention_rows_mean,retry_rows_mean,retry_sum_mean
Group_A,6,0.4253350938577287,0.09441665042033347,0.9055833495796666,0.6124029018093913,0.3668765896629618,0.583161718201164,0.36707576680737364,0.0,0.0,0.0
Group_B,6,0.00024224806201550387,0.0024281472414887347,0.9975718527585112,0.5704884394371869,0.5703308935133519,0.6623165676688259,0.662133662515432,0.0,82.83333333333333,114.66666666666667
Group_C,6,0.0,0.00410768723233977,0.9958923127676602,0.5652893510133721,0.5652893510133721,0.6562806129292962,0.6562806129292962,0.0,48.5,67.16666666666667
